,City,High School Completion,Income Inequality,Life Expectancy,Neighborhood racial/ethnic segregation,Racial/ethnic diversity,"Unemployment - annual, neighborhood-level",Uninsured,STATE_ABBR,no_of_crimes
0,Birmingham,86.7,-36.6,74.8,33.9,60.9,9.0,14.4,AL,53
1,Washington,90.9,6.0,77.0,26.6,74.7,6.9,4.1,DC,1896
2,Boca Raton,95.8,8.9,82.2,6.4,51.3,5.0,9.8,FL,44
3,Boynton Beach,87.0,-15.4,79.9,12.6,70.7,7.4,18.6,FL,14
4,Bradenton,86.8,-24.7,78.1,20.1,62.2,6.4,19.5,FL,1
5,Cape Coral,91.8,-11.3,79.1,5.3,51.3,6.0,16.2,FL,23
6,Clearwater,89.9,-20.3,78.2,11.8,56.4,7.0,17.3,FL,41
7,Coconut Creek,92.9,-11.3,81.2,7.4,75.9,4.8,15.7,FL,17
8,Coral Gables,96.2,19.9,84.4,19.3,58.1,3.2,7.2,FL,42
9,Coral Springs,93.1,3.5,80.1,5.4,80.4,6.7,13.7,FL,21
10,Davie,90.3,-2.6,80.7,6.2,75.1,4.3,12.4,FL,45
11,Daytona Beach,88.2,-39.4,75.1,19.7,64.1,6.7,18.4,FL,25
12,Deerfield Beach,86.3,-22.4,78.8,17.1,75.6,7.1,23.1,FL,42
13,Delray Beach,87.5,-6.9,80.5,22.4,65.1,6.4,16.3,FL,21
14,Doral,91.4,-4.0,82.9,2.5,34.8,3.5,18.0,FL,2
15,Fort Lauderdale,87.7,-8.5,77.5,29.3,74.6,7.0,18.2,FL,81
16,Fort Myers,83.4,-22.1,78.1,24.1,68.4,5.4,19.7,FL,16
17,Gainesville,92.4,-36.7,77.6,11.8,73.5,5.2,9.3,FL,193
18,Hialeah,69.7,-40.2,80.8,27.2,20.9,4.6,25.3,FL,8
19,Hollywood,87.4,-15.9,78.7,11.5,77.1,6.5,19.8,FL,12
20,Homestead,74.6,-25.1,77.6,7.7,58.5,7.1,24.2,FL,20
21,Jupiter,94.3,9.9,82.6,7.8,46.9,3.8,11.9,FL,15
22,Kissimmee,84.2,-31.4,78.6,5.7,64.1,5.4,17.8,FL,6
23,Lakeland,88.0,-23.2,77.2,13.6,64.6,6.4,12.5,FL,22
24,Largo,90.3,-26.0,77.3,10.8,53.2,5.7,16.1,FL,31
25,Lauderhill,83.5,-31.6,75.3,13.5,49.4,8.1,17.2,FL,5
26,Margate,87.4,-27.6,79.1,7.4,80.6,5.4,19.2,FL,13
27,Melbourne,91.3,-24.2,78.2,7.2,55.4,4.3,15.3,FL,57
28,Miami,78.0,-31.4,79.3,35.1,54.9,6.0,23.2,FL,42
29,Miami Beach,89.2,-13.6,81.6,8.6,60.1,3.8,22.5,FL,256
30,Miami Gardens,78.4,-30.7,77.5,12.3,52.5,7.7,22.7,FL,19
31,Miramar,91.4,-0.5,80.0,9.7,79.6,5.0,14.4,FL,27
32,North Miami,77.6,-30.4,78.3,15.9,65.7,7.6,28.9,FL,24
33,North Port,90.5,-6.6,79.6,5.3,41.8,3.6,18.1,FL,31
34,Ocala,88.4,-30.4,75.5,12.8,63.1,8.1,16.5,FL,11
35,Orlando,90.4,-17.5,78.1,19.5,81.0,5.4,16.7,FL,138
36,Palm Bay,89.7,-20.0,78.4,3.8,67.0,6.2,14.4,FL,54
37,Palm Beach Gardens,95.7,11.2,82.1,17.7,59.8,2.4,9.1,FL,22
38,Pembroke Pines,93.1,-5.8,82.6,5.2,80.0,5.4,11.1,FL,23
39,Pensacola,92.7,-19.7,75.8,16.1,67.2,5.6,12.4,FL,28
40,Pinellas Park,87.0,-25.1,75.9,6.0,60.7,5.4,13.7,FL,8
41,Plantation,92.8,0.6,79.7,18.0,81.6,4.3,13.0,FL,10
42,Pompano Beach,82.4,-22.3,77.7,20.0,74.5,7.7,25.1,FL,47
43,Port Orange,92.0,-21.5,78.7,7.1,40.3,5.4,13.5,FL,4
44,Port St. Lucie,87.8,-11.8,80.1,4.4,68.8,4.7,15.3,FL,62
45,St. Petersburg,91.4,-13.4,76.8,21.0,65.5,5.1,13.6,FL,220
46,Sanford,89.7,-25.3,79.3,8.9,77.1,7.2,16.9,FL,49
47,Sarasota,89.4,-16.8,78.2,20.8,57.5,4.0,23.3,FL,26
48,Sunrise,87.8,-18.5,80.6,12.4,82.1,5.8,15.0,FL,46
49,Tallahassee,93.5,-24.4,78.2,13.3,68.4,8.0,9.3,FL,30
50,Tamarac,89.9,-23.9,79.2,7.2,80.6,4.9,14.7,FL,19
51,Tampa,87.9,-14.9,77.4,19.6,80.2,6.3,13.2,FL,178
52,Wellington,94.5,13.3,82.6,5.0,70.8,5.0,10.0,FL,18
53,Weston,97.0,23.3,84.0,1.9,67.0,4.5,7.0,FL,17
54,West Palm Beach,86.6,-15.1,78.3,18.2,78.9,7.7,19.2,FL,57
55,Alpharetta,96.7,28.9,81.9,6.4,75.2,4.4,6.9,GA,1
56,Athens,87.9,-33.6,77.7,14.0,71.2,5.3,15.0,GA,41
57,Atlanta,90.9,-10.7,76.8,35.8,66.9,6.4,11.5,GA,505
58,Augusta,84.3,-30.9,74.3,17.4,63.7,9.0,15.0,GA,152
59,Brookhaven,89.1,16.9,80.3,16.5,71.4,2.6,16.5,GA,8
60,Johns Creek,96.5,31.4,81.4,4.6,77.3,4.7,6.5,GA,5
61,Macon,86.0,-30.3,74.1,23.6,58.6,7.2,15.1,GA,16
62,Marietta,87.7,-8.0,78.6,10.4,81.5,4.5,20.5,GA,20
63,Hoover,96.4,13.2,80.1,11.3,56.0,3.3,6.2,AL,41
64,Roswell,93.2,18.5,81.4,11.4,69.1,3.6,13.8,GA,7
65,Sandy Springs,94.6,10.8,81.9,15.2,71.2,3.0,10.9,GA,18
66,Savannah,87.6,-29.7,76.2,12.8,69.0,8.6,19.5,GA,8
67,Huntsville,91.0,-15.5,78.0,18.0,62.3,5.3,11.6,AL,12
68,Smyrna,92.5,2.9,78.6,11.2,84.1,4.5,15.0,GA,36
69,Warner Robins,90.9,-18.8,77.9,7.2,68.2,6.4,15.4,GA,14
70,Mobile,88.9,-30.4,75.5,24.8,60.5,6.2,13.4,AL,3
71,Honolulu,91.9,7.5,81.4,11.6,79.8,4.0,4.0,HI,120
72,Montgomery,86.3,-24.2,75.3,23.3,60.8,6.8,12.2,AL,152
73,Caldwell,80.1,-24.4,79.1,8.2,50.4,6.8,15.7,ID,45
74,Idaho Falls,91.5,-16.3,78.2,4.5,39.1,3.9,10.8,ID,93
75,Meridian,95.8,-3.0,81.6,3.5,35.9,3.7,9.3,ID,11
76,Nampa,86.5,-23.1,78.9,3.9,48.4,5.6,15.2,ID,120
77,Pocatello,92.8,-27.0,76.3,5.2,38.7,5.8,10.8,ID,30
78,Arlington Heights,96.0,14.2,81.3,17.0,56.6,3.2,5.2,IL,10
79,Aurora,78.2,-0.6,79.8,19.6,76.9,5.2,11.9,IL,466
80,Aurora,87.7,-6.3,78.6,10.1,81.1,4.6,12.5,CO,466
81,Berwyn,80.7,-11.1,78.8,5.1,59.0,4.2,12.9,IL,17
82,Bolingbrook,90.2,9.1,80.1,8.2,83.2,4.2,8.4,IL,25
83,Champaign,94.8,-23.5,80.4,12.3,72.4,4.6,4.7,IL,121
84,Chicago,85.1,-13.0,77.3,43.3,83.5,8.1,10.8,IL,2200
85,Cicero,64.6,-20.8,77.9,5.2,26.7,5.3,19.8,IL,2
86,Des Plaines,88.4,-3.5,79.8,13.0,69.0,4.5,10.4,IL,14
87,Elgin,78.8,-6.1,80.3,14.0,70.2,5.7,12.8,IL,38
88,Evanston,93.7,5.0,82.0,13.9,74.6,4.2,5.4,IL,113
89,Hoffman Estates,91.8,12.1,81.4,10.0,73.2,3.4,6.8,IL,3
90,Joliet,84.2,-8.6,78.0,16.6,68.6,6.0,8.7,IL,12
91,Mount Prospect,90.1,3.0,81.1,15.3,64.7,4.2,9.2,IL,8
92,Naperville,96.9,31.9,81.7,6.6,64.8,4.0,3.0,IL,21
93,Normal,97.3,-15.7,80.8,7.1,46.7,2.9,4.4,IL,60
94,Oak Lawn,90.1,-7.6,78.2,5.2,58.9,6.0,8.9,IL,7
95,Oak Park,96.5,13.1,80.0,3.4,69.1,4.9,3.6,IL,52
96,Orland Park,93.6,10.9,80.8,5.5,41.6,3.8,5.8,IL,13
97,Palatine,90.6,9.3,81.9,13.6,63.2,3.3,11.2,IL,13
98,Peoria,89.4,-21.8,77.2,17.5,67.1,9.3,6.7,IL,357
99,Peoria,92.6,-1.0,79.4,8.6,57.0,5.1,7.5,AZ,357
100,Rockford,83.8,-29.2,76.5,14.8,69.9,10.7,7.9,IL,97
101,Schaumburg,94.9,3.8,80.6,8.6,72.1,3.8,6.8,IL,30
102,Skokie,90.1,1.1,81.7,3.3,79.5,4.2,9.9,IL,98
103,Tuscaloosa,89.1,-26.2,75.4,28.5,57.9,6.7,8.3,AL,15
104,Tinley Park,94.7,3.9,79.2,17.2,51.9,5.4,4.7,IL,24
105,Waukegan,75.2,-21.1,78.7,16.6,77.8,7.7,17.5,IL,12
106,Wheaton,96.3,19.5,81.8,6.1,50.8,3.5,4.1,IL,4
107,Anderson,85.7,-39.1,75.2,13.4,43.5,7.8,12.6,IN,104
108,Carmel,97.9,28.8,83.0,7.0,42.6,2.5,3.4,IN,5
109,Elkhart,76.6,-34.2,77.3,11.2,58.7,7.7,15.9,IN,27
110,Evansville,87.5,-33.0,76.5,14.2,41.3,5.9,11.6,IN,36
111,Fishers,98.0,24.7,80.5,3.0,46.6,2.6,3.2,IN,11
112,Fort Wayne,88.5,-21.9,77.4,18.2,62.0,5.5,10.3,IN,156
113,Greenwood,91.0,-11.1,78.2,6.0,40.6,3.4,10.2,IN,38
114,Hammond,82.1,-27.6,74.5,11.6,74.4,7.6,12.7,IN,27
115,Indianapolis,85.8,-22.3,75.7,20.5,71.4,6.4,11.8,IN,380
116,Kokomo,87.7,-27.5,75.8,10.4,40.9,5.8,9.0,IN,7
117,Lafayette,88.1,-26.4,77.9,7.8,47.4,5.2,12.8,IN,70
118,Lafayette,89.5,-19.6,78.5,19.5,58.6,5.1,10.1,LA,70
119,Muncie,87.8,-42.2,76.3,15.7,36.9,7.9,10.4,IN,14
120,Noblesville,95.0,3.7,80.1,4.8,38.5,3.2,5.8,IN,2
121,South Bend,84.1,-32.0,76.4,17.6,67.1,6.3,12.3,IN,104
122,Terre Haute,85.1,-36.8,75.2,6.9,41.4,9.0,10.4,IN,31
123,Ames,97.7,-25.6,81.3,5.1,47.0,5.8,5.7,IA,34
124,Ankeny,97.3,8.5,80.4,3.4,29.0,3.0,3.7,IA,14
125,Cedar Rapids,93.3,-13.5,79.6,9.8,39.6,4.0,5.2,IA,9
126,Council Bluffs,87.0,-21.1,77.8,12.8,35.0,4.3,7.8,IA,33
127,Davenport,90.5,-21.8,77.8,8.6,52.1,4.5,6.5,IA,73
128,Des Moines,86.3,-20.4,77.0,12.7,62.5,5.8,7.8,IA,117
129,Dubuque,92.3,-20.5,78.8,11.8,29.4,4.7,5.7,IA,77
130,Iowa City,95.3,-24.0,83.0,7.4,53.1,4.7,6.5,IA,36
131,Sioux City,85.1,-19.9,78.1,13.6,56.8,4.8,7.4,IA,46
132,Waterloo,88.4,-24.9,78.1,20.4,52.7,5.7,7.6,IA,38
133,West Des Moines,95.5,4.9,81.3,7.3,44.7,2.3,3.3,IA,6
134,Anchorage,93.9,8.1,78.3,7.7,76.7,5.7,12.4,AK,211
135,Lenexa,95.9,10.0,80.8,7.5,49.1,2.6,7.7,KS,7
136,Manhattan,95.5,-22.0,81.2,3.6,50.0,5.2,6.1,KS,2
137,Olathe,93.7,8.8,79.6,8.4,51.2,2.8,8.0,KS,11
138,Overland Park,97.2,13.0,81.4,9.2,50.2,3.0,6.3,KS,36
139,Shawnee,95.3,5.8,80.3,8.5,45.0,2.9,7.1,KS,79
140,Topeka,90.3,-22.9,77.8,13.2,56.3,4.7,9.9,KS,10
141,Wichita,88.3,-19.1,77.5,16.8,66.9,5.6,13.9,KS,602
142,Bowling Green,85.4,-30.3,76.9,8.5,52.9,5.5,7.8,KY,199
143,Lexington,91.2,-13.7,78.0,14.4,59.3,5.1,7.7,KY,507
144,Louisville,89.6,-17.7,76.6,20.9,59.4,6.0,6.3,KY,36
145,Owensboro,88.4,-29.2,75.8,6.6,37.3,5.4,6.6,KY,55
146,Baton Rouge,88.0,-26.7,74.5,28.2,64.4,8.4,11.1,LA,5
147,Bossier City,87.9,-24.8,77.5,10.2,61.2,5.3,10.7,LA,35
148,Kenner,84.7,-19.1,78.1,14.6,77.4,4.6,16.8,LA,6
149,Lake Charles,86.6,-28.6,75.1,27.6,63.4,6.2,11.7,LA,3
150,New Orleans,86.5,-28.8,75.9,31.4,63.2,7.9,10.6,LA,87
151,Shreveport,87.1,-32.7,75.0,26.7,59.8,6.8,11.1,LA,10
152,Baltimore,85.2,-21.2,73.5,32.2,62.4,8.3,7.5,MD,466
153,Bowie,95.4,26.7,81.6,11.4,69.7,4.8,4.1,MD,9
154,Frederick,88.9,0.9,80.3,10.3,71.5,5.1,8.1,MD,130
155,Boston,87.2,-5.0,79.9,24.8,84.3,6.6,3.9,MA,4518
156,Brockton,80.5,-15.8,78.1,5.8,80.8,8.3,4.5,MA,156
157,Cambridge,95.5,15.0,82.0,5.7,73.9,4.0,2.2,MA,314
158,Chicopee,86.1,-21.9,78.5,8.6,52.7,5.9,3.8,MA,79
159,Fall River,74.6,-33.0,76.7,7.7,50.8,8.4,5.0,MA,49
160,Haverhill,90.8,-6.7,79.8,10.3,52.9,5.2,3.7,MA,140
161,Lowell,81.9,-19.7,77.7,8.7,80.2,5.8,5.6,MA,65
162,Lynn,76.2,-18.8,78.4,8.7,79.1,5.9,5.5,MA,115
163,Malden,87.2,-10.9,80.5,3.9,83.3,5.0,4.8,MA,86
164,Medford,92.9,11.2,80.6,5.1,61.1,2.8,2.8,MA,134
165,Medford,89.0,-21.1,77.9,6.0,47.2,5.8,10.9,OR,134
166,New Bedford,76.4,-28.7,77.2,10.9,69.1,6.4,5.3,MA,44
167,Newton,97.4,40.7,85.1,2.0,54.7,2.8,1.4,MA,250
168,Peabody,90.1,-2.0,80.8,11.7,40.5,4.0,3.2,MA,21
169,Quincy,88.2,-4.0,79.3,5.6,63.6,5.1,3.7,MA,250
170,Revere,84.0,-11.5,79.9,4.8,68.9,5.4,5.9,MA,163
171,Somerville,90.6,11.2,80.3,7.5,64.3,3.3,3.3,MA,188
172,Taunton,84.6,-12.2,78.5,6.6,54.6,6.5,2.6,MA,57
173,Waltham,92.0,13.6,82.9,6.2,65.9,3.0,3.9,MA,83
174,Worcester,84.7,-23.5,78.7,9.7,76.0,5.6,3.3,MA,104
175,Ann Arbor,97.3,-5.7,81.9,9.4,63.4,3.9,3.0,MI,192
176,Battle Creek,90.1,-30.5,75.7,13.4,60.3,7.6,6.6,MI,133
177,Dearborn,81.1,-20.9,79.7,11.3,33.4,6.6,6.8,MI,202
178,Dearborn Heights,85.7,-22.4,76.6,7.5,40.6,6.0,7.6,MI,37
179,Detroit,81.0,-45.5,72.4,40.0,48.7,15.7,9.6,MI,496
180,Farmington Hills,95.3,5.6,80.0,7.4,66.4,3.9,4.9,MI,95
181,Flint,85.3,-50.0,72.7,26.7,63.3,19.7,8.8,MI,315
182,Grand Rapids,86.7,-23.0,78.7,21.2,69.9,6.3,9.5,MI,359
183,Kalamazoo,89.4,-30.8,76.9,12.3,66.6,7.6,8.0,MI,58
184,Kentwood,88.6,-16.8,79.3,4.0,73.0,3.0,6.9,MI,35
185,Lansing,89.4,-31.5,77.5,10.5,73.1,8.4,8.2,MI,188
186,Livonia,94.6,1.7,79.2,7.7,33.3,3.8,3.4,MI,84
187,Novi,96.1,16.2,81.5,5.5,66.2,2.8,4.9,MI,39
188,Pontiac,80.1,-42.0,72.9,11.2,77.8,11.9,13.7,MI,88
189,Rochester Hills,96.6,13.4,81.7,6.7,50.5,2.9,3.4,MI,12
190,Royal Oak,96.4,2.0,78.6,5.5,34.7,3.2,3.4,MI,153
191,St. Clair Shores,93.6,-13.3,77.5,10.5,27.6,5.7,4.8,MI,89
192,Southfield,92.2,-16.7,77.1,6.7,55.1,6.9,6.5,MI,111
193,Sterling Heights,86.3,-9.1,79.7,7.3,44.0,4.1,8.0,MI,89
194,Taylor,86.1,-22.9,74.0,15.0,54.8,7.7,6.5,MI,183
195,Troy,96.1,15.7,81.5,6.3,57.2,3.5,3.3,MI,159
196,Warren,86.3,-23.3,75.6,10.9,62.8,7.7,7.4,MI,362
197,Westland,89.8,-21.5,75.4,10.6,56.4,5.4,6.9,MI,93
198,Wyoming,85.2,-18.9,79.3,10.3,66.9,4.5,8.4,MI,106
199,Apple Valley,95.5,10.0,79.8,7.3,54.3,3.2,5.2,MN,21
200,Apple Valley,86.2,-13.8,76.6,4.1,68.5,10.5,6.4,CA,21
201,Blaine,94.0,4.3,81.3,3.3,52.7,3.6,4.2,MN,80
202,Brooklyn Park,89.4,-0.8,79.1,7.2,83.3,3.7,7.0,MN,157
203,Burnsville,92.3,-3.3,81.4,4.9,62.9,4.7,4.5,MN,21
204,Coon Rapids,94.1,-3.6,80.8,5.1,44.5,4.0,4.6,MN,68
205,Duluth,94.2,-20.3,79.0,7.9,29.9,4.4,4.3,MN,65
206,Eagan,97.0,13.7,81.4,8.0,56.5,4.2,4.1,MN,71
207,Eden Prairie,96.2,24.6,82.8,10.6,58.4,3.1,2.6,MN,37
208,Edina,98.3,20.3,83.8,8.2,39.6,3.1,2.8,MN,25
209,Lakeville,96.5,22.3,80.7,5.2,40.8,2.8,1.8,MN,52
210,Maple Grove,97.9,22.8,82.1,4.3,41.3,2.7,2.9,MN,41
211,Minneapolis,90.0,-10.4,78.6,16.4,73.0,5.1,7.2,MN,1118
212,Minnetonka,97.0,16.5,83.0,13.0,35.9,3.0,3.1,MN,53
213,Plymouth,98.2,22.2,83.6,8.0,53.2,2.5,3.4,MN,225
214,Rochester,94.0,-2.0,81.5,9.5,51.2,3.5,5.0,MN,459
215,Rochester,80.4,-39.0,76.7,21.1,77.9,10.2,5.7,NY,459
216,St. Cloud,90.1,-22.7,80.3,10.8,46.0,7.2,5.0,MN,168
217,St. Paul,86.6,-13.5,78.3,17.2,81.6,5.0,7.2,MN,520
218,Woodbury,97.5,24.0,82.8,2.6,52.9,2.3,3.3,MN,206
219,Gulfport,87.9,-35.7,74.2,11.2,63.1,11.6,20.9,MS,38
220,Southaven,90.7,-12.6,76.5,7.9,61.0,4.6,9.3,MS,1
221,Blue Springs,95.1,-1.3,78.9,3.2,42.2,3.0,6.2,MO,25
222,Columbia,95.2,-18.7,79.5,5.9,53.9,4.4,7.6,MO,190
223,Columbia,89.4,-23.4,76.7,20.0,68.1,6.7,9.9,SC,190
224,Florissant,90.7,-17.2,77.2,8.3,62.5,8.6,10.3,MO,2
225,Independence,89.7,-22.1,76.3,7.6,51.9,4.9,13.9,MO,193
226,Joplin,89.6,-28.3,75.6,5.7,34.6,6.0,13.2,MO,19
227,Lee's Summit,96.8,10.3,79.9,4.8,41.8,2.8,4.9,MO,75
228,O'Fallon,95.9,9.8,80.7,4.5,33.6,2.8,4.8,MO,15
229,St. Charles,93.5,-3.4,78.3,7.5,42.4,2.2,6.9,MO,88
230,St. Joseph,87.4,-25.8,75.9,8.2,41.2,4.7,12.9,MO,68
231,St. Louis,87.8,-27.9,74.0,31.0,65.9,7.0,12.2,MO,702
232,St. Peters,94.9,-0.1,80.3,6.1,34.3,3.9,5.9,MO,21
233,Billings,94.3,-13.5,78.4,6.6,34.1,3.3,8.3,MT,81
234,Great Falls,91.5,-24.3,77.3,8.3,37.0,3.8,10.2,MT,27
235,Missoula,96.3,-22.6,78.9,5.5,29.3,4.9,7.7,MT,139
236,Bellevue,92.5,-10.5,80.0,5.0,58.1,5.2,11.4,NE,200
237,Bellevue,95.4,28.9,84.1,4.9,69.9,3.4,5.1,WA,200
238,Grand Island,82.8,-16.8,79.4,12.8,53.0,4.2,14.3,NE,21
239,Lincoln,93.3,-13.9,79.5,11.1,45.7,3.4,8.8,NE,647
240,Omaha,89.5,-11.6,78.2,22.7,62.9,4.3,11.6,NE,183
241,Carson City,87.0,-16.2,77.3,8.6,57.1,5.1,12.8,NV,6
242,Henderson,93.8,0.2,78.8,5.5,71.2,5.8,7.9,NV,120
243,North Las Vegas,81.4,-13.1,76.6,9.9,85.5,6.5,14.8,NV,102
244,Reno,89.0,-11.8,77.9,11.6,64.2,5.4,11.4,NV,178
245,Sparks,86.4,-10.3,77.5,9.3,66.0,5.9,10.9,NV,16
246,Manchester,87.3,-13.6,77.6,8.2,51.8,4.9,11.3,NH,245
247,Nashua,90.9,-1.6,79.7,10.1,56.0,4.4,6.9,NH,46
248,Bayonne,88.6,-9.1,78.7,4.2,79.5,6.0,11.3,NJ,43
249,Camden,67.7,-49.7,73.0,13.0,64.3,12.9,12.7,NJ,22
250,Clifton,87.4,-3.0,80.0,9.9,73.2,4.0,12.1,NJ,114
251,East Orange,87.2,-26.4,75.7,7.5,39.8,12.6,13.6,NJ,21
252,Elizabeth,73.4,-22.2,79.4,8.3,64.0,5.8,22.7,NJ,70
253,Glassboro,92.1,-9.8,78.0,1.7,68.3,6.8,5.6,NJ,165
254,Hammonton,87.2,-0.5,77.5,2.5,46.2,6.9,9.9,NJ,22
255,Hoboken,95.6,36.9,79.2,6.7,59.5,3.0,2.3,NJ,129
256,Jersey City,87.6,-3.7,78.4,15.2,92.2,5.7,12.5,NJ,191
257,Millville,84.2,-22.4,73.8,9.0,65.4,8.9,4.8,NJ,122
258,Newark,75.3,-38.3,76.6,31.0,70.3,11.3,19.1,NJ,261
259,New Brunswick,64.2,-30.2,78.2,14.6,79.8,5.8,18.8,NJ,249
260,Passaic,66.7,-32.0,79.2,24.1,50.6,5.3,25.1,NJ,121
261,Paterson,74.8,-32.6,77.4,17.3,65.6,4.8,19.6,NJ,52
262,Penns Grove,77.1,-42.1,72.4,2.9,79.7,17.7,18.4,NJ,3
263,Perth Amboy,70.5,-19.9,80.1,4.7,45.0,3.9,18.7,NJ,39
264,Plainfield,75.8,-17.5,78.6,8.2,70.6,7.9,28.8,NJ,71
265,Pleasantville,75.6,-33.1,76.2,2.7,73.0,8.8,13.5,NJ,22
266,Salem,82.5,-50.2,68.9,2.7,66.7,14.6,5.9,NJ,374
267,Salem,87.4,-15.8,79.0,9.9,58.6,5.8,8.5,OR,374
268,Trenton,71.4,-38.2,74.9,19.1,69.7,11.4,19.4,NJ,178
269,Union City,71.5,-23.0,80.4,3.4,47.7,4.5,25.8,NJ,154
270,Union City,90.6,28.0,82.9,9.1,80.0,3.4,2.4,CA,154
271,Vineland,78.2,-18.2,77.9,9.7,70.5,7.2,10.7,NJ,62
272,West New York,73.6,-15.8,84.1,18.9,47.4,5.7,24.1,NJ,19
273,Albuquerque,89.7,-19.6,78.5,12.5,66.6,5.6,9.1,NM,461
274,Las Cruces,86.8,-30.5,79.0,6.8,56.3,7.3,8.8,NM,20
275,Santa Fe,88.9,-11.9,80.2,15.8,56.8,4.3,16.4,NM,9
276,Buffalo,84.6,-36.1,74.8,26.5,78.8,7.1,5.1,NY,261
277,Hempstead,71.7,-11.0,80.2,14.4,69.8,4.5,15.3,NY,5
278,Mount Vernon,84.3,-14.3,79.9,16.7,66.2,6.6,7.2,NY,135
279,New Rochelle,84.0,6.3,81.8,12.7,79.4,6.1,11.0,NY,81
280,New York,82.2,-8.3,80.6,33.4,89.3,6.3,8.6,NY,10717
281,Schenectady,84.5,-27.8,77.2,9.7,81.6,9.2,7.4,NY,17
282,Syracuse,82.7,-35.6,76.9,15.1,78.1,9.3,5.6,NY,32
283,Utica,79.3,-36.5,77.0,14.8,77.3,8.2,6.9,NY,31
284,White Plains,87.9,8.9,82.6,10.2,77.8,5.1,11.3,NY,36
285,Yonkers,82.3,-9.3,81.0,15.7,80.6,6.6,8.5,NY,169
286,Asheville,91.7,-18.8,77.9,10.4,45.9,2.8,12.9,NC,86
287,Cary,96.4,22.1,81.7,11.9,68.6,3.2,6.3,NC,23
288,Chapel Hill,96.0,4.9,81.6,4.3,64.3,3.4,5.3,NC,64
289,Charlotte,89.1,-5.5,78.5,18.7,80.1,5.0,13.8,NC,35
290,Concord,89.6,-5.8,78.0,9.4,67.9,5.3,9.7,NC,201
291,Concord,88.8,7.4,80.4,8.9,79.0,5.0,7.3,CA,201
292,Durham,88.1,-10.3,79.0,15.9,79.0,4.6,13.9,NC,108
293,Gastonia,84.6,-22.7,74.8,11.9,61.7,7.2,11.2,NC,55
294,Greensboro,89.8,-21.4,78.9,18.6,72.6,6.1,11.7,NC,127
295,High Point,84.6,-22.9,77.3,14.4,76.9,6.9,12.3,NC,40
296,Huntersville,96.5,17.5,80.1,7.7,52.9,3.4,6.4,NC,4
297,Raleigh,91.8,-3.4,80.2,15.6,72.8,4.1,11.4,NC,232
298,Rocky Mount,85.2,-32.0,75.9,15.6,59.9,7.3,10.9,NC,21
299,Winston-Salem,88.2,-24.8,77.1,18.2,71.6,6.0,14.2,NC,22
300,Bismarck,93.8,-9.0,80.6,6.6,30.6,2.3,7.1,ND,54
301,Fargo,94.3,-15.7,80.8,10.5,39.8,3.2,7.3,ND,85
302,Grand Forks,95.1,-23.6,79.6,7.4,42.0,4.2,7.5,ND,33
303,Akron,87.0,-34.0,75.0,21.2,61.5,8.1,10.0,OH,383
304,Canton,86.1,-44.9,75.8,14.8,47.7,11.1,9.5,OH,35
305,Cincinnati,88.1,-31.1,75.3,23.8,64.0,8.0,8.2,OH,631
306,Cleveland,80.8,-45.2,73.1,31.9,73.6,13.2,8.8,OH,812
307,Dayton,83.4,-43.8,72.0,29.9,63.0,10.7,10.6,OH,130
308,Elyria,87.2,-31.4,75.8,10.0,51.2,6.9,8.9,OH,24
309,Hamilton,86.7,-28.4,75.0,15.7,39.6,6.6,9.4,OH,247
310,Kettering,94.8,-15.5,79.1,7.1,35.4,4.1,6.6,OH,53
311,Lorain,81.9,-36.0,75.2,9.5,70.0,8.7,8.2,OH,64
312,Parma,91.3,-16.5,78.2,8.0,35.5,5.6,6.8,OH,54
313,Toledo,86.1,-36.9,74.9,17.2,65.4,9.1,8.3,OH,115
314,Youngstown,84.1,-49.8,72.7,15.4,71.4,14.3,7.9,OH,48
315,Broken Arrow,93.9,-1.7,78.4,5.7,61.2,4.2,11.1,OK,21
316,Edmond,96.1,7.5,80.4,5.5,54.9,3.6,8.3,OK,20
317,Enid,86.8,-23.2,75.9,12.2,56.6,4.9,18.1,OK,17
318,Lawton,89.1,-26.1,74.9,3.4,80.2,8.2,15.9,OK,42
319,Avondale,82.7,-10.2,78.1,7.7,73.4,5.9,12.0,AZ,21
320,Midwest City,90.7,-22.0,75.3,8.5,68.4,5.5,14.5,OK,24
321,Moore,91.5,-10.0,76.0,4.2,61.0,4.4,11.1,OK,7
322,Norman,93.5,-14.8,78.0,4.0,60.4,4.5,10.9,OK,56
323,Oklahoma City,86.4,-15.1,76.0,18.4,76.5,4.3,16.5,OK,181
324,Tulsa,87.3,-21.5,75.8,15.8,77.3,6.3,19.0,OK,405
325,Buckeye,86.4,-3.4,78.8,6.3,65.6,5.6,8.8,AZ,7
326,Casa Grande,83.4,-20.9,78.2,6.4,66.2,6.6,11.2,AZ,4
327,Beaverton,91.6,-1.7,81.6,7.2,63.1,4.7,9.5,OR,96
328,Bend,95.5,-6.3,81.3,4.0,33.0,4.8,9.5,OR,85
329,Corvallis,96.1,-20.7,82.5,4.7,49.1,6.0,6.7,OR,145
330,Chandler,93.1,8.0,80.1,7.1,70.0,3.7,8.1,AZ,71
331,Eugene,93.9,-21.6,79.7,5.8,47.3,7.0,7.9,OR,701
332,Gresham,85.8,-18.3,77.9,5.5,68.1,6.2,9.0,OR,16
333,Hillsboro,90.3,4.8,81.3,8.9,72.0,4.7,6.6,OR,35
334,Tigard,92.9,3.5,82.3,4.7,56.4,3.7,8.6,OR,187
335,Allentown,79.0,-31.7,77.7,9.6,69.4,10.0,12.6,PA,19
336,Bethlehem,88.4,-17.9,78.7,10.7,66.2,5.2,8.4,PA,8
337,Erie,86.1,-37.2,76.0,12.8,62.0,7.9,7.7,PA,38
338,Flagstaff,94.1,-14.1,79.5,5.9,60.6,7.6,10.4,AZ,60
339,Lancaster,78.4,-29.1,78.7,16.3,70.2,7.2,8.9,PA,488
340,Lancaster,82.6,-18.5,76.8,6.7,81.1,6.5,5.8,CA,488
341,Philadelphia,84.7,-26.0,75.4,33.3,81.0,9.2,9.3,PA,1462
342,Pittsburgh,92.9,-23.4,76.1,22.8,62.9,5.6,6.1,PA,605
343,Reading,68.4,-44.8,74.9,8.8,57.9,12.9,10.9,PA,50
344,Scranton,85.9,-33.9,75.0,11.1,57.9,5.2,6.6,PA,6
345,Gilbert,96.3,14.4,80.2,4.1,60.5,4.1,5.7,AZ,114
346,Glendale,83.1,-18.2,77.9,15.7,70.5,5.8,13.8,AZ,464
347,Glendale,87.2,-8.0,82.4,5.8,66.9,6.5,8.6,CA,464
348,Goodyear,91.9,3.9,81.3,6.6,69.9,4.5,8.2,AZ,12
349,Lake Havasu City,89.4,-18.2,78.0,5.5,39.2,5.9,13.7,AZ,15
350,Cranston,89.9,-8.3,80.2,10.6,61.5,4.3,4.0,RI,36
351,Pawtucket,81.3,-23.8,77.4,10.4,80.0,7.1,7.0,RI,39
352,Providence,81.6,-26.8,78.0,16.3,80.4,7.8,8.3,RI,353
353,Mesa,88.8,-12.2,78.3,13.2,63.1,4.9,14.5,AZ,542
354,Warwick,92.5,-6.1,79.0,5.2,33.2,3.7,4.3,RI,61
355,Mount Pleasant,97.5,22.7,80.2,10.1,37.6,2.1,5.7,SC,84
356,Phoenix,81.9,-12.5,77.9,20.6,72.4,5.4,15.5,AZ,3951
357,North Charleston,83.9,-27.5,76.0,14.8,72.7,5.0,20.0,SC,37
358,Rock Hill,89.2,-20.2,76.9,11.0,61.2,5.7,11.4,SC,32
359,Scottsdale,96.7,11.6,81.7,9.6,44.6,3.3,7.4,AZ,113
360,Rapid City,92.9,-19.2,79.3,7.5,44.4,5.7,14.1,SD,93
361,Sioux Falls,92.3,-10.9,79.9,12.8,44.3,3.0,8.9,SD,220
362,Bartlett,94.7,6.0,77.6,15.6,66.5,4.0,5.5,TN,20
363,Chattanooga,87.5,-24.0,76.9,22.9,60.2,6.1,12.4,TN,102
364,Surprise,92.5,-4.1,79.3,8.2,53.9,5.8,8.0,AZ,12
365,Clarksville,92.9,-19.0,76.3,7.1,69.4,6.9,9.1,TN,180
366,Franklin,95.1,15.7,81.6,9.1,47.0,3.2,7.0,TN,194
367,Tempe,93.2,-13.8,79.4,10.4,76.0,5.1,9.7,AZ,175
368,Hendersonville,94.5,3.0,80.5,5.6,38.8,3.5,9.6,TN,23
369,Johnson City,90.2,-27.6,76.6,11.0,31.7,5.5,11.0,TN,81
370,Kingsport,88.2,-27.5,75.5,12.3,21.7,6.4,10.6,TN,83
371,Knoxville,89.4,-32.4,76.1,15.2,46.3,5.4,11.5,TN,162
372,Memphis,85.7,-30.6,75.1,31.2,61.9,8.7,15.5,TN,486
373,Murfreesboro,92.9,-10.3,77.7,6.9,58.1,5.1,9.5,TN,28
374,Nashville,88.8,-11.0,76.9,18.8,70.6,4.1,13.5,TN,1
375,Tucson,85.0,-29.5,77.3,14.9,68.2,7.8,13.3,AZ,433
376,Abilene,87.1,-21.0,76.1,10.6,65.5,3.6,15.8,TX,25
377,Allen,95.8,22.1,81.6,5.0,72.0,4.6,7.7,TX,26
378,Amarillo,84.3,-19.7,76.1,19.7,67.0,3.6,18.8,TX,28
379,Arlington,85.2,-9.8,77.7,12.9,83.6,4.6,20.0,TX,415
380,Austin,89.4,0.0,79.9,15.6,74.8,3.7,14.7,TX,556
381,Baytown,77.9,-14.9,76.9,9.2,71.6,8.2,24.4,TX,13
382,Beaumont,86.2,-22.2,75.7,16.4,73.5,4.2,22.7,TX,58
383,Brownsville,65.4,-36.8,79.5,12.4,18.8,6.0,34.6,TX,9
384,Bryan,80.4,-26.5,77.6,15.4,73.1,4.1,20.4,TX,19
385,Carrollton,87.1,4.1,79.9,13.0,83.8,3.5,16.8,TX,107
386,Cedar Park,96.1,19.5,80.6,6.1,64.8,3.0,8.7,TX,34
387,College Station,94.4,-25.3,79.5,5.8,67.1,4.0,8.6,TX,21
388,Conroe,80.7,-7.8,78.5,11.7,57.7,4.2,23.3,TX,10
389,Corpus Christi,83.4,-17.3,77.5,15.8,57.3,5.5,19.8,TX,162
390,Dallas,77.5,-14.3,77.8,26.3,80.5,4.7,26.0,TX,1058
391,Denton,90.4,-14.6,79.0,8.0,62.5,5.2,16.9,TX,85
392,DeSoto,89.5,-7.2,76.9,2.5,60.4,5.2,10.7,TX,40
393,Edinburg,76.9,-25.9,80.6,12.1,27.6,7.1,25.0,TX,2
394,El Paso,80.3,-25.4,79.0,13.6,41.4,6.1,21.5,TX,230
395,Euless,89.5,-3.4,78.4,7.6,80.5,3.4,15.8,TX,23
396,Flower Mound,96.9,40.0,79.9,7.2,58.8,3.8,5.7,TX,5
397,Fort Worth,82.2,-10.6,77.5,19.7,77.7,5.4,20.0,TX,595
398,Frisco,96.4,32.5,80.6,7.8,74.7,3.6,7.0,TX,27
399,Garland,77.1,-10.0,79.0,12.8,85.2,5.2,26.1,TX,173
400,Georgetown,93.2,2.0,80.7,10.1,54.8,5.9,10.0,TX,91
401,Grand Prairie,80.3,-6.8,77.9,11.8,82.3,4.6,20.1,TX,4
402,Grapevine,93.0,14.2,80.3,10.1,65.8,3.8,12.4,TX,44
403,Harlingen,75.2,-34.6,79.7,8.4,32.2,6.2,23.4,TX,9
404,Houston,78.9,-15.6,78.4,23.0,82.2,5.9,25.4,TX,804
405,Irving,80.5,-5.2,78.3,19.4,86.3,4.4,21.6,TX,21
406,Killeen,91.5,-21.8,77.2,3.6,86.2,10.4,13.1,TX,18
407,Laredo,68.6,-26.9,79.0,11.1,13.7,4.8,30.0,TX,5
408,League City,96.2,20.2,80.9,5.0,67.6,4.6,7.9,TX,11
409,Lewisville,87.0,-5.5,79.4,11.3,83.6,3.6,17.8,TX,27
410,Longview,84.0,-21.5,75.8,11.7,66.6,5.0,22.6,TX,121
411,Lubbock,86.5,-22.0,76.9,13.8,66.0,3.7,14.7,TX,59
412,McAllen,76.4,-25.0,81.1,11.7,31.9,6.3,28.4,TX,2
413,McKinney,92.3,13.1,80.6,10.1,71.2,3.2,11.3,TX,62
414,Mansfield,94.2,16.6,78.6,9.4,78.5,3.9,7.6,TX,141
415,Mesquite,80.4,-15.4,77.7,9.8,76.8,4.8,22.8,TX,6
416,Midland,85.1,4.3,78.3,12.3,64.3,3.3,18.5,TX,93
417,Mission,71.9,-22.2,80.2,19.5,23.1,7.8,31.0,TX,2
418,Missouri City,91.5,12.2,79.8,17.5,89.3,6.7,10.5,TX,40
419,New Braunfels,90.9,-3.8,79.4,9.1,56.9,3.4,14.2,TX,38
420,North Richland Hills,91.8,-0.3,79.4,7.6,59.2,4.8,13.9,TX,48
421,Odessa,79.8,-9.2,76.3,10.0,59.3,6.0,20.0,TX,38
422,Yuma,79.0,-25.2,78.1,10.6,58.3,9.9,13.1,AZ,95
423,Pasadena,72.2,-16.9,77.1,21.3,58.2,9.4,28.8,TX,163
424,Pasadena,88.3,4.0,81.9,10.0,84.8,4.2,8.4,CA,163
425,Pearland,94.8,18.7,80.4,10.7,87.1,3.2,7.7,TX,28
426,Pflugerville,92.2,12.9,80.1,4.2,82.0,4.1,10.9,TX,19
427,Plano,93.6,15.9,81.6,10.6,78.4,3.7,12.5,TX,132
428,Richardson,92.2,6.7,81.5,11.2,79.3,3.8,15.2,TX,50
429,Round Rock,92.8,8.0,79.2,5.3,78.4,5.2,10.0,TX,31
430,Rowlett,93.7,15.9,79.8,2.8,77.4,5.1,13.2,TX,44
431,San Angelo,85.9,-20.0,77.7,8.2,59.5,3.9,16.1,TX,41
432,San Antonio,82.4,-19.6,78.0,15.8,63.2,5.5,18.7,TX,311
433,San Marcos,87.3,-33.6,78.3,7.0,63.2,7.5,17.2,TX,68
434,San Marcos,85.3,3.6,82.4,11.0,70.1,3.9,9.7,CA,68
435,Sugar Land,94.0,31.1,81.8,10.5,83.8,4.7,7.7,TX,15
436,Temple,90.0,-19.1,77.7,9.2,64.6,5.5,14.0,TX,13
437,Tyler,85.4,-18.7,77.4,17.4,72.2,5.5,19.2,TX,47
438,Victoria,83.4,-17.5,78.0,10.9,62.2,5.8,21.7,TX,20
439,Waco,81.6,-32.3,77.3,14.9,70.7,4.8,17.4,TX,12
440,Wichita Falls,85.5,-26.5,75.8,9.4,67.8,5.1,17.3,TX,40
441,Layton,94.2,0.5,79.6,6.9,40.5,3.3,10.1,UT,67
442,Ogden,83.7,-20.7,77.0,12.5,51.8,4.8,15.3,UT,19
443,Orem,92.7,-6.9,80.4,5.9,46.7,3.9,12.1,UT,2
444,Provo,92.9,-23.7,79.7,8.1,48.7,4.6,11.9,UT,58
445,St. George,93.1,-12.9,81.3,5.5,38.0,3.7,15.9,UT,54
446,Salt Lake City,88.8,-11.4,78.4,16.1,63.2,3.6,13.8,UT,249
447,Sandy,94.9,11.2,79.7,7.8,42.7,2.8,8.3,UT,67
448,South Jordan,97.1,21.8,80.5,4.6,39.8,1.6,4.6,UT,44
449,Taylorsville,89.7,-8.3,78.8,4.0,58.3,4.2,12.6,UT,4
450,West Jordan,91.8,2.3,79.1,5.3,55.2,4.0,10.9,UT,25
451,Alexandria,93.0,19.9,81.1,12.2,79.0,3.0,11.9,VA,161
452,Chesapeake,92.1,2.3,78.1,12.7,67.5,4.7,8.3,VA,149
453,Hampton,91.4,-16.1,76.1,11.4,69.0,6.1,9.5,VA,158
454,Harrisonburg,83.9,-25.3,79.6,6.5,63.4,4.9,13.6,VA,55
455,Leesburg,91.5,28.4,80.9,7.2,69.1,3.4,10.5,VA,102
456,Lynchburg,88.7,-24.1,77.2,12.0,60.4,5.8,10.5,VA,70
457,Conway,94.0,-24.4,76.3,5.1,52.8,3.2,9.4,AR,20
458,Newport News,91.0,-20.2,76.5,14.0,74.9,6.2,12.7,VA,153
459,Norfolk,88.0,-20.9,75.5,17.8,73.8,7.6,13.4,VA,345
460,Portsmouth,88.3,-23.5,73.8,20.1,64.7,7.8,11.7,VA,258
461,Roanoke,86.2,-29.3,75.0,20.8,67.2,6.3,12.8,VA,117
462,Suffolk,89.9,-5.7,76.5,14.4,64.7,6.2,7.3,VA,72
463,Virginia Beach,93.5,1.2,78.5,9.2,71.1,4.6,8.8,VA,439
464,Fort Smith,81.6,-30.8,75.2,13.7,68.1,4.8,14.0,AR,53
465,Bellingham,94.5,-18.1,81.0,4.4,46.6,6.2,5.9,WA,177
466,Burien,82.0,-5.7,79.9,8.6,82.4,5.6,12.5,WA,78
467,Everett,87.3,-11.6,78.2,7.0,66.0,5.2,10.7,WA,205
468,Federal Way,88.9,-6.2,79.3,4.5,86.8,5.6,10.1,WA,126
469,Kennewick,87.5,-16.1,79.2,9.7,55.1,6.0,9.3,WA,36
470,Kent,85.7,-1.5,79.8,7.7,85.0,5.5,9.2,WA,321
471,Kirkland,96.6,25.7,83.4,3.5,56.8,3.3,4.3,WA,24
472,Marysville,90.8,-1.8,79.5,3.1,53.8,4.5,5.7,WA,51
473,Pasco,75.0,-10.7,79.7,15.0,58.8,6.2,14.3,WA,66
474,Jonesboro,90.6,-27.0,76.0,12.3,50.8,6.9,10.2,AR,52
475,Redmond,97.0,32.6,83.5,5.3,67.4,3.5,3.0,WA,103
476,Renton,91.0,3.5,81.4,6.5,85.7,3.7,8.0,WA,130
477,Richland,96.1,4.4,79.8,7.0,50.2,4.0,6.4,WA,149
478,Sammamish,97.4,56.4,84.4,2.9,60.3,2.8,1.3,WA,34
479,Seattle,94.8,11.8,81.2,11.0,70.9,4.1,4.6,WA,2172
480,Shoreline,93.5,5.6,79.6,4.5,66.8,3.8,6.6,WA,51
481,Spokane,92.8,-21.1,77.6,4.9,43.0,5.9,6.6,WA,600
482,Spokane Valley,93.3,-19.5,77.8,4.4,33.8,5.4,8.2,WA,90
483,Tacoma,89.2,-11.7,77.6,7.7,77.6,5.2,8.2,WA,511
484,Vancouver,91.0,-10.1,78.6,4.9,58.0,5.0,9.2,WA,207
485,Yakima,75.7,-23.2,78.2,14.3,58.7,6.3,14.6,WA,149
486,Little Rock,91.3,-16.0,76.8,23.9,68.3,4.1,9.6,AR,16
487,Appleton,92.5,-13.2,78.7,7.6,39.8,3.6,5.9,WI,83
488,North Little Rock,88.1,-29.1,75.5,16.6,63.6,6.8,11.3,AR,20
489,Eau Claire,94.4,-20.4,78.2,5.9,29.8,4.0,6.9,WI,26
490,Green Bay,87.5,-23.0,79.3,13.5,56.3,3.6,9.0,WI,44
491,Janesville,92.4,-17.0,78.4,7.6,30.2,4.6,6.2,WI,31
492,Kenosha,88.6,-17.7,77.6,10.9,55.1,6.9,8.3,WI,21
493,La Crosse,93.9,-26.7,78.9,6.3,28.5,4.3,6.2,WI,24
494,Madison,95.5,-8.9,80.5,9.9,56.4,3.1,4.4,WI,398
495,Milwaukee,84.0,-31.7,76.1,34.7,80.6,6.8,10.3,WI,292
496,Oshkosh,91.1,-25.0,78.6,9.1,31.8,3.4,6.2,WI,4
497,Racine,84.4,-29.9,77.0,10.2,69.8,6.4,8.2,WI,14
498,Waukesha,92.3,-9.5,79.8,10.6,40.2,3.0,5.8,WI,14
499,West Allis,92.6,-22.6,75.4,5.5,54.7,3.7,6.7,WI,5
500,Rogers,81.8,-5.9,77.7,13.0,56.0,2.4,13.9,AR,24
501,Casper,93.0,-11.7,79.7,5.7,32.6,3.8,15.7,WY,31
502,Cheyenne,93.5,-12.7,80.7,7.2,43.7,5.4,8.0,WY,23
503,Springdale,72.4,-18.4,77.7,11.9,66.8,5.4,19.4,AR,20
504,Alameda,91.0,18.8,80.8,3.4,84.8,3.6,3.5,CA,177
505,Alhambra,82.9,-10.9,83.0,8.7,71.2,4.3,7.0,CA,54
506,Aliso Viejo,96.4,24.6,82.4,3.6,69.1,3.7,3.6,CA,14
507,Anaheim,76.8,-2.4,80.7,10.5,73.3,5.2,13.4,CA,64
508,Antioch,86.3,-1.6,77.9,4.8,91.3,8.4,7.0,CA,94
509,Arcadia,92.5,12.1,84.0,7.9,69.5,4.7,5.5,CA,40
510,Bakersfield,80.1,-9.4,77.4,14.9,70.2,8.4,8.1,CA,130
511,Baldwin Park,66.4,-11.9,81.3,3.6,45.4,5.8,11.8,CA,31
512,Bellflower,76.6,-14.4,78.5,4.2,77.0,5.8,11.5,CA,65
513,Berkeley,96.4,8.2,83.0,8.6,79.8,5.3,3.4,CA,312
514,Brentwood,92.8,21.1,81.6,3.0,82.4,6.7,2.6,CA,52
515,Buena Park,84.1,3.1,80.6,6.3,79.7,5.2,9.5,CA,37
516,Burbank,92.0,-0.3,81.5,5.3,72.6,6.1,7.2,CA,137
517,Camarillo,92.9,11.9,82.7,4.6,67.3,4.0,6.1,CA,74
518,Carlsbad,95.2,26.4,84.2,5.2,57.8,4.9,5.5,CA,42
519,Carson,80.9,4.1,79.9,20.9,82.9,6.0,8.4,CA,62
520,Cathedral City,78.3,-23.8,79.1,16.7,65.8,6.4,14.9,CA,26
521,Cerritos,93.7,18.7,84.7,2.8,74.8,6.0,5.4,CA,43
522,Chico,92.5,-19.4,79.0,4.0,55.0,8.0,7.7,CA,68
523,Chino,79.5,3.0,80.0,6.6,78.0,5.1,9.8,CA,96
524,Chino Hills,93.7,18.7,82.1,5.1,82.0,4.9,4.7,CA,18
525,Chula Vista,82.8,1.7,81.4,7.8,72.2,9.0,8.1,CA,95
526,Citrus Heights,90.3,-12.2,78.0,2.9,59.8,6.2,6.9,CA,21
527,Clovis,91.3,1.7,79.2,4.2,72.5,5.5,5.0,CA,55
528,Colton,76.4,-17.7,78.4,14.8,67.1,7.1,8.8,CA,34
529,Compton,62.2,-21.6,77.6,12.3,52.3,9.4,12.5,CA,43
530,Corona,85.6,6.5,80.6,8.4,77.5,5.1,9.8,CA,78
531,Costa Mesa,85.2,7.4,80.6,13.6,73.2,4.2,13.1,CA,48
532,Cupertino,97.2,45.9,85.5,6.3,58.9,3.6,2.2,CA,31
533,Daly City,86.9,14.1,82.6,5.5,70.6,5.1,5.8,CA,25
534,Davis,97.3,-2.9,81.8,4.0,75.2,5.8,3.8,CA,187
535,Delano,58.1,-27.5,79.3,11.1,49.5,11.9,8.7,CA,7
536,Diamond Bar,94.2,13.8,84.6,5.6,69.4,5.6,6.8,CA,29
537,Downey,79.6,0.8,80.4,2.5,52.1,5.2,11.4,CA,56
538,Dublin,94.9,43.4,81.8,8.1,75.7,3.5,2.5,CA,27
539,Eastvale,90.0,28.3,80.9,1.4,87.0,4.8,4.3,CA,6
540,El Cajon,84.0,-16.0,77.6,4.3,65.8,8.0,8.7,CA,55
541,Elk Grove,90.5,10.9,81.1,4.2,90.8,5.5,2.8,CA,32
542,El Monte,58.9,-22.0,81.6,11.3,55.9,6.2,15.4,CA,133
543,Encinitas,95.3,26.3,83.3,3.4,47.3,3.8,6.1,CA,44
544,Escondido,78.8,-8.2,80.0,10.5,69.3,4.7,13.8,CA,130
545,Fairfield,87.4,5.9,79.0,6.2,92.6,5.8,5.1,CA,114
546,Folsom,93.8,24.3,81.7,10.4,69.0,3.1,2.7,CA,31
547,Fontana,75.5,-2.5,79.1,9.1,60.3,6.9,10.2,CA,37
548,Fountain Valley,90.4,10.9,82.0,9.7,74.9,4.1,6.3,CA,44
549,Fremont,93.5,35.3,83.0,6.6,70.4,3.6,1.9,CA,165
550,Fresno,77.4,-22.8,77.8,11.5,77.6,9.4,9.1,CA,434
551,Fullerton,87.9,5.1,81.1,13.9,78.3,6.5,7.3,CA,68
552,Gardena,82.4,-13.1,80.9,10.2,86.6,4.6,12.3,CA,24
553,Garden Grove,74.7,-4.8,81.2,11.0,73.7,4.5,9.2,CA,177
554,Gilroy,80.1,17.5,80.5,8.8,65.5,5.6,6.7,CA,9
555,Glendora,91.4,11.0,80.7,5.2,74.0,6.0,5.9,CA,32
556,Hanford,80.0,-11.4,78.7,8.5,68.9,7.4,7.1,CA,11
557,Hawthorne,77.6,-16.8,78.7,12.7,74.8,6.0,13.6,CA,61
558,Hayward,83.1,6.7,79.8,6.7,87.9,4.4,5.2,CA,75
559,Hemet,79.6,-33.4,76.6,4.9,68.0,12.9,11.2,CA,68
560,Hesperia,78.3,-22.6,77.2,6.5,63.1,10.3,8.4,CA,24
561,Highland,77.3,-10.0,77.2,10.4,74.7,8.3,10.3,CA,21
562,Huntington Beach,92.7,12.6,81.0,7.8,69.5,4.3,6.0,CA,176
563,Huntington Park,47.3,-29.4,78.2,11.1,10.9,8.3,18.9,CA,24
564,Indio,80.3,-17.7,80.1,23.4,57.4,8.5,9.4,CA,9
565,Inglewood,76.2,-16.8,78.8,20.5,64.7,8.0,13.7,CA,16
566,Irvine,96.6,16.3,83.1,4.4,74.4,4.5,4.9,CA,110
567,Jurupa Valley,70.8,-6.5,78.5,12.0,63.6,8.7,14.1,CA,5
568,Laguna Niguel,95.2,22.6,82.4,5.7,63.3,4.0,4.6,CA,22
569,La Habra,82.8,-0.2,82.0,13.4,71.2,7.5,10.6,CA,35
570,Lake Elsinore,82.6,-4.9,78.5,5.5,68.4,8.2,8.9,CA,29
571,Lake Forest,93.2,22.8,81.6,8.6,76.5,4.2,6.8,CA,43
572,La Mesa,92.7,-9.0,80.3,3.9,72.7,7.0,7.1,CA,51
573,Livermore,93.7,33.3,81.0,8.6,70.4,3.1,3.3,CA,77
574,Lodi,80.7,-12.0,78.5,12.8,71.9,7.1,7.5,CA,163
575,Long Beach,80.2,-8.6,78.5,14.7,84.7,6.0,9.4,CA,539
576,Los Angeles,77.5,-9.1,80.4,26.4,79.0,6.3,12.8,CA,8578
577,Lynwood,56.7,-17.2,79.2,6.9,29.9,8.4,16.7,CA,27
578,Madera,58.1,-25.8,78.1,8.4,47.1,9.2,10.2,CA,11
579,Manteca,84.9,-4.2,79.1,6.5,80.7,8.2,5.1,CA,39
580,Menifee,87.5,-6.1,79.9,6.4,75.6,7.3,7.1,CA,10
581,Merced,72.9,-26.5,77.4,6.3,72.8,12.7,8.3,CA,33
582,Milpitas,88.8,33.4,83.2,6.4,65.8,3.7,2.5,CA,26
583,Mission Viejo,94.2,26.5,82.4,4.0,65.4,4.1,5.1,CA,36
584,Modesto,82.6,-12.5,77.5,9.1,71.0,8.9,6.6,CA,208
585,Montebello,73.6,-16.0,81.7,16.6,44.1,7.0,12.7,CA,27
586,Monterey Park,79.3,-9.8,84.3,9.8,53.7,5.2,7.9,CA,17
587,Moreno Valley,76.4,-8.6,78.7,5.7,72.6,8.4,11.8,CA,84
588,Mountain View,92.9,35.5,83.2,4.8,76.1,3.3,5.5,CA,31
589,Murrieta,91.6,9.6,81.9,3.6,78.7,7.6,6.7,CA,23
590,Napa,84.2,8.0,80.8,15.1,65.1,4.4,8.2,CA,21
591,National City,74.9,-24.9,80.0,7.7,68.0,6.6,14.4,CA,40
592,Newport Beach,97.8,31.4,83.0,13.2,60.1,3.1,3.7,CA,77
593,Norwalk,76.4,-6.6,80.3,5.4,58.8,5.8,10.6,CA,228
594,Norwalk,87.9,10.0,82.6,10.1,75.6,6.7,19.4,CT,228
595,Novato,92.7,17.1,83.1,4.9,64.7,3.6,4.4,CA,123
596,Oakland,82.6,-0.8,79.0,16.9,93.4,6.1,8.9,CA,683
597,Oceanside,86.7,-2.4,80.8,8.0,73.8,6.0,10.7,CA,300
598,Ontario,73.9,-9.5,79.6,9.9,64.1,6.5,11.1,CA,63
599,Orange,85.8,12.0,81.8,11.8,74.4,4.4,8.7,CA,546
600,Oxnard,70.1,-1.4,80.1,18.4,56.7,5.7,18.7,CA,82
601,Palmdale,74.6,-11.9,78.8,10.5,70.2,8.0,8.5,CA,227
602,Palm Desert,92.3,-9.8,82.5,8.7,57.4,5.2,9.1,CA,29
603,Palo Alto,97.4,40.6,85.0,4.6,71.5,3.2,2.5,CA,116
604,Paramount,64.8,-18.8,78.1,5.4,41.1,5.3,12.1,CA,33
605,Perris,66.5,-10.5,77.8,9.1,56.0,7.4,10.6,CA,30
606,Petaluma,90.4,11.0,80.4,3.3,55.9,4.0,4.8,CA,58
607,Pico Rivera,70.8,-7.3,81.1,9.6,30.5,5.1,10.5,CA,26
608,Pittsburg,79.5,-2.1,78.1,5.2,86.8,8.3,7.9,CA,54
609,Placentia,87.1,14.8,82.2,11.6,77.3,4.1,6.9,CA,24
610,Pleasanton,96.1,43.2,83.6,4.0,71.8,3.1,2.4,CA,23
611,Pomona,69.3,-12.2,79.8,13.8,65.3,7.1,13.5,CA,101
612,Porterville,70.2,-30.7,76.3,5.7,55.8,12.4,8.3,CA,6
613,Rancho Cordova,88.9,-8.6,78.8,5.7,83.2,7.5,7.2,CA,6
614,Rancho Cucamonga,91.5,8.1,81.0,5.4,83.6,5.4,5.2,CA,30
615,Redding,92.1,-17.6,76.8,6.1,48.0,5.2,7.5,CA,276
616,Redlands,88.8,-0.8,79.3,9.2,76.4,5.9,5.7,CA,80
617,Redondo Beach,96.7,27.3,81.2,2.1,72.3,3.8,3.8,CA,128
618,Redwood City,87.1,28.1,82.0,16.6,73.3,2.9,5.9,CA,39
619,Rialto,70.3,-13.2,78.9,6.5,56.4,10.6,13.4,CA,33
620,Riverside,80.6,-7.2,78.9,9.9,72.8,6.6,10.3,CA,799
621,Rocklin,96.1,14.0,81.1,3.7,56.2,4.4,4.7,CA,2
622,Rosemead,66.4,-14.3,83.6,6.0,57.0,4.6,8.2,CA,13
623,Roseville,94.6,9.3,80.3,4.3,62.8,4.6,4.7,CA,223
624,Sacramento,85.3,-11.4,78.4,9.6,91.5,7.0,6.6,CA,1130
625,Salinas,59.2,-11.2,79.1,13.3,44.9,4.9,14.3,CA,48
626,San Bernardino,69.4,-27.1,76.6,9.9,67.0,9.2,12.8,CA,216
627,San Clemente,94.7,25.1,82.7,2.4,49.8,4.4,4.7,CA,36
628,San Diego,88.1,3.7,81.2,19.6,82.3,5.8,8.8,CA,2289
629,San Francisco,88.5,20.9,82.1,13.7,81.8,4.2,4.2,CA,3400
630,San Jose,84.6,22.9,82.4,16.0,81.3,4.7,5.8,CA,897
631,San Leandro,83.1,4.3,80.9,7.1,88.3,5.2,6.1,CA,108
632,San Mateo,89.7,29.9,83.0,7.3,80.9,3.7,4.8,CA,143
633,San Rafael,85.5,16.5,81.9,18.8,64.1,4.2,8.4,CA,72
634,San Ramon,96.4,46.8,84.6,9.8,71.5,3.2,2.3,CA,21
635,Santa Ana,59.6,-5.0,81.0,20.9,56.2,5.1,16.9,CA,113
636,Santa Barbara,85.9,6.2,82.5,11.3,60.1,3.8,12.1,CA,109
637,Santa Clara,92.8,30.9,82.0,5.0,79.5,3.7,3.4,CA,130
638,Santa Clarita,90.5,16.6,81.5,7.7,75.6,5.0,6.4,CA,172
639,Santa Cruz,93.9,-1.1,81.7,7.5,62.9,7.7,5.4,CA,302
640,Santa Maria,60.2,-9.1,80.5,14.6,50.3,4.9,20.0,CA,23
641,Santa Monica,95.0,12.0,82.5,6.1,68.1,5.4,5.4,CA,139
642,Santa Rosa,86.2,0.8,79.7,10.3,65.7,4.7,8.9,CA,169
643,Santee,93.9,7.3,79.6,2.5,60.9,5.3,5.0,CA,116
644,Simi Valley,91.9,15.6,81.3,4.8,65.7,4.5,5.6,CA,61
645,South Gate,56.7,-18.7,81.1,14.2,14.0,9.6,16.5,CA,26
646,South San Francisco,86.1,21.6,82.3,8.9,78.1,3.0,5.3,CA,14
647,Stockton,76.7,-17.7,76.9,9.9,85.2,8.8,7.6,CA,169
648,Sunnyvale,92.6,37.4,83.2,6.6,75.7,4.0,3.9,CA,82
649,Temecula,92.9,12.1,82.1,2.9,76.8,5.8,7.0,CA,53
650,Thousand Oaks,93.5,24.3,83.3,6.3,60.6,4.5,5.8,CA,106
651,Torrance,94.3,12.1,82.9,6.3,81.1,4.0,5.5,CA,88
652,Tracy,85.4,10.7,79.0,5.0,85.6,5.3,6.7,CA,34
653,Tulare,74.8,-18.9,77.2,8.7,56.0,6.9,9.2,CA,12
654,Turlock,81.6,-15.3,79.4,8.1,66.0,7.2,5.5,CA,83
655,Tustin,87.0,10.9,81.5,14.3,76.5,4.0,8.4,CA,14
656,Upland,89.4,0.9,80.5,6.2,76.1,4.8,6.7,CA,28
657,Vacaville,89.1,7.6,80.5,7.1,82.6,4.6,4.9,CA,91
658,Vallejo,88.0,-5.8,79.2,7.8,94.4,8.2,5.8,CA,50
659,Victorville,77.7,-17.7,76.0,5.3,74.7,12.9,8.1,CA,41
660,Visalia,82.8,-9.5,78.4,8.0,62.9,4.9,6.2,CA,45
661,Vista,79.0,-1.2,81.0,9.8,66.3,4.4,12.8,CA,82
662,Walnut Creek,97.7,21.5,83.2,3.5,60.6,3.7,3.6,CA,100
663,Watsonville,60.8,-15.7,81.4,9.9,42.4,7.5,8.6,CA,32
664,West Covina,85.7,1.7,81.4,5.6,68.6,5.6,7.6,CA,88
665,West Sacramento,83.6,-8.2,78.0,5.3,80.3,7.3,4.8,CA,13
666,Whittier,87.4,-1.1,81.5,10.9,57.8,4.0,7.1,CA,36
667,Woodland,82.3,-3.0,80.7,5.9,66.8,5.6,8.4,CA,37
668,Yorba Linda,95.5,33.7,83.3,5.0,71.1,3.6,3.4,CA,16
669,Yuba City,77.4,-14.5,79.0,7.7,79.1,8.7,10.0,CA,42
670,Yucaipa,89.3,-6.1,78.5,4.3,59.9,4.4,6.4,CA,6
671,Arvada,94.3,8.5,80.1,8.7,43.8,3.8,6.0,CO,54
672,Boulder,96.9,-1.6,82.3,6.4,43.1,4.6,4.6,CO,195
673,Broomfield,96.9,16.0,81.1,3.4,49.7,3.2,4.9,CO,11
674,Castle Rock,97.5,22.1,81.3,2.9,34.8,2.9,4.4,CO,17
675,Centennial,97.4,23.3,81.8,7.2,56.0,3.1,3.9,CO,90
676,Colorado Springs,93.9,-8.3,79.4,7.1,60.6,5.7,8.9,CO,466
677,Commerce City,81.4,-0.6,77.7,11.6,61.9,4.4,9.5,CO,23
678,Denver,88.0,-3.0,78.6,19.3,71.1,3.8,10.3,CO,783
679,Fort Collins,96.5,-7.3,80.8,6.5,44.0,5.4,6.7,CO,102
680,Grand Junction,90.1,-21.3,78.7,6.4,38.1,6.9,10.6,CO,88
681,Greeley,84.5,-17.7,78.4,12.0,56.6,5.2,9.5,CO,69
682,Longmont,90.2,-1.4,80.3,7.4,50.8,5.0,7.6,CO,83
683,Loveland,95.9,-8.4,80.8,3.3,34.2,4.3,7.0,CO,57
684,Parker,97.4,24.7,82.2,3.9,43.2,2.9,3.9,CO,22
685,Pueblo,87.3,-33.4,76.0,6.2,56.8,8.4,9.1,CO,80
686,Thornton,87.2,2.3,78.7,10.6,62.4,3.6,9.0,CO,41
687,Bridgeport,76.4,-26.8,77.7,10.6,79.9,12.5,15.1,CT,167
688,Bristol,89.6,-7.6,79.3,5.7,52.0,5.4,4.8,CT,126
689,Danbury,83.3,-2.4,81.4,6.5,77.6,6.0,18.5,CT,85
690,Hartford,74.5,-38.4,77.1,19.5,74.9,12.0,10.1,CT,140
691,Meriden,86.6,-11.3,78.9,11.7,65.6,6.0,5.7,CT,59
692,Milford,94.5,8.8,80.2,4.1,42.4,4.8,3.4,CT,106
693,New Britain,80.6,-26.3,76.6,9.3,72.9,8.0,6.2,CT,53
694,New Haven,85.6,-27.7,78.2,17.6,83.4,9.0,9.8,CT,299
695,Stamford,89.2,14.4,81.9,12.7,78.2,6.3,12.1,CT,88
696,Waterbury,79.6,-31.4,76.8,6.6,78.1,9.6,9.2,CT,57
697,West Haven,87.9,-11.3,77.8,7.9,77.6,9.3,8.4,CT,50
